"id";"link"
"1";"/catalog/259/260/i786/"
"2";"/catalog/259/260/i788/"
"3";"/catalog/259/260/i44798/"
"4";"/catalog/259/260/i802/"
"5";"/catalog/259/260/i804/"
"6";"/catalog/259/260/i50573/v167937/"
"7";"/catalog/259/260/i13324/"
"8";"/catalog/259/274/i44799/"
"9";"/catalog/259/274/i832/"
"10";"/catalog/259/274/i41029/"
"11";"/catalog/259/274/i838/"
"12";"/catalog/259/274/i50700/v3462/"
"13";"/catalog/259/274/i835/"
"14";"/catalog/259/275/i784/v3247/"
"15";"/catalog/259/275/i50708/v3248/"
"16";"/catalog/259/275/i50709/"
"17";"/catalog/259/275/i48376/"
"18";"/catalog/259/261/i20091/"
"19";"/catalog/259/261/i42616/"
"20";"/catalog/259/261/i42619/"
"21";"/catalog/259/264/i1713/"
"22";"/catalog/259/264/i11455/"
"23";"/catalog/259/264/i11540/"
"24";"/catalog/259/264/i11541/"
"25";"/catalog/259/264/i14147/"
"26";"/catalog/259/264/i15362/"
"27";"/catalog/259/264/i15363/"
"28";"/catalog/259/264/i15364/"
"29";"/catalog/259/264/i19555/"
"30";"/catalog/259/264/i19569/"
"31";"/catalog/259/264/i19571/"
"32";"/catalog/259/264/i19575/"
"33";"/catalog/259/264/i19576/"
"34";"/catalog/259/264/i20754/"
"35";"/catalog/259/264/i20755/"
"36";"/catalog/259/264/i20756/"
"37";"/catalog/259/264/i20757/"
"38";"/catalog/259/264/i20758/"
"39";"/catalog/259/264/i22397/"
"40";"/catalog/259/264/i22399/"
"41";"/catalog/259/264/i22401/"
"42";"/catalog/259/264/i22404/"
"43";"/catalog/259/264/i23310/"
"44";"/catalog/259/264/i24588/"
"45";"/catalog/259/264/i1520/"
"46";"/catalog/259/264/i1530/"
"47";"/catalog/259/264/i1535/"
"48";"/catalog/259/264/i1580/"
"49";"/catalog/259/264/i1582/"
"50";"/catalog/259/264/i10607/"
"51";"/catalog/259/262/i15274/"
"52";"/catalog/259/262/i15275/"
"53";"/catalog/259/262/i15276/"
"54";"/catalog/259/262/i15277/"
"55";"/catalog/259/262/i15278/"
"56";"/catalog/259/262/i15289/"
"57";"/catalog/259/262/i15290/"
"58";"/catalog/259/262/i15291/"
"59";"/catalog/259/262/i15292/"
"60";"/catalog/259/262/i15301/v57724/"
"61";"/catalog/259/262/i15279/"
"62";"/catalog/259/262/i15280/"
"63";"/catalog/259/262/i15281/"
"64";"/catalog/259/262/i15283/v57620/"
"65";"/catalog/259/262/i15293/"
"66";"/catalog/259/262/i15294/"
"67";"/catalog/259/262/i15295/"
"68";"/catalog/259/262/i15282/"
"69";"/catalog/259/262/i15284/v57621/"
"70";"/catalog/259/262/i15296/"
"71";"/catalog/259/262/i15302/v57725/"
"72";"/catalog/259/262/i15285/"
"73";"/catalog/259/262/i15286/"
"74";"/catalog/259/262/i15287/"
"75";"/catalog/259/262/i15288/"
"76";"/catalog/259/262/i15297/"
"77";"/catalog/259/262/i15298/"
"78";"/catalog/259/262/i15299/"
"79";"/catalog/259/262/i15300/"
"80";"/catalog/259/262/i11408/v44649/"
"81";"/catalog/259/263/i27769/"
"82";"/catalog/259/263/i27770/"
"83";"/catalog/259/263/i27772/"
"84";"/catalog/259/263/i27773/"
"85";"/catalog/259/263/i10717/"
"86";"/catalog/259/263/i20097/"
"87";"/catalog/259/263/i10650/"
"88";"/catalog/259/263/i10651/"
"89";"/catalog/259/263/i13563/"
"90";"/catalog/259/263/i18064/"
"91";"/catalog/259/263/i32687/"
"92";"/catalog/259/263/i1445/"
"93";"/catalog/259/263/i11446/"
"94";"/catalog/259/263/i19259/"
"95";"/catalog/259/263/i20819/"
"96";"/catalog/259/263/i27676/"
"97";"/catalog/259/263/i27677/"
"98";"/catalog/259/263/i27678/"
"99";"/catalog/259/263/i27679/"
"100";"/catalog/259/263/i20101/"
"101";"/catalog/259/263/i20103/"
"102";"/catalog/259/263/i20105/"
"103";"/catalog/259/263/i20107/"
"104";"/catalog/259/263/i19996/"
"105";"/catalog/259/263/i20023/"
"106";"/catalog/259/263/i20750/"
"107";"/catalog/259/263/i20752/"
"108";"/catalog/259/263/i20776/"
"109";"/catalog/259/263/i20780/"
"110";"/catalog/259/263/i32466/"
"111";"/catalog/259/266/i1941/"
"112";"/catalog/259/266/i1946/"
"113";"/catalog/259/266/i15355/"
"114";"/catalog/259/266/i15356/"
"115";"/catalog/259/266/i30686/"
"116";"/catalog/259/266/i1873/"
"117";"/catalog/259/266/i1874/"
"118";"/catalog/259/266/i1875/"
"119";"/catalog/259/266/i1884/"
"120";"/catalog/259/266/i13353/"
"121";"/catalog/259/266/i14626/"
"122";"/catalog/259/266/i14628/"
"123";"/catalog/259/266/i14629/"
"124";"/catalog/259/266/i14630/"
"125";"/catalog/259/266/i19234/"
"126";"/catalog/259/266/i27973/"
"127";"/catalog/259/266/i28188/"
"128";"/catalog/259/266/i31582/"
"129";"/catalog/259/266/i46826/"
"130";"/catalog/259/266/i46836/"
"131";"/catalog/259/266/i46841/"
"132";"/catalog/259/266/i46865/"
"133";"/catalog/259/266/i1919/"
"134";"/catalog/259/266/i1920/"
"135";"/catalog/259/266/i1921/"
"136";"/catalog/259/266/i1929/"
"137";"/catalog/259/266/i14635/"
"138";"/catalog/259/266/i14636/"
"139";"/catalog/259/266/i14637/"
"140";"/catalog/259/266/i14638/"
"141";"/catalog/259/1087/i23231/"
"142";"/catalog/259/1087/i23232/"
"143";"/catalog/259/1087/i17801/"
"144";"/catalog/259/1087/i1828/v7807/"
"145";"/catalog/259/1087/i35283/v125097/"
"146";"/catalog/259/1087/i47027/v124519/"
"147";"/catalog/259/1087/i1843/v7952/"
"148";"/catalog/259/1087/i29572/"
"149";"/catalog/259/1087/i13913/"
"150";"/catalog/259/1087/i35315/"
"151";"/catalog/259/1087/i35317/"
"152";"/catalog/259/1087/i32720/"
"153";"/catalog/259/1087/i1836/"
"154";"/catalog/259/1087/i22090/"
"155";"/catalog/259/1087/i1833/"
"156";"/catalog/259/1087/i14560/v55201/"
"157";"/catalog/259/1087/i14730/v55954/"
"158";"/catalog/259/1087/i15263/"
"159";"/catalog/259/1087/i23233/v56392/"
"160";"/catalog/259/1087/i17799/"
"161";"/catalog/259/1087/i17800/"
"162";"/catalog/259/1087/i17803/"
"163";"/catalog/259/1087/i17804/"
"164";"/catalog/259/1087/i32717/"
"165";"/catalog/259/1087/i44084/"
"166";"/catalog/259/1087/i41919/"
"167";"/catalog/259/1087/i42884/v143595/"
"168";"/catalog/259/1087/i43075/v144093/"
"169";"/catalog/259/1087/i50473/"
"170";"/catalog/259/1087/i50909/v168944/"
"171";"/catalog/259/268/i45330/"
"172";"/catalog/259/268/i31304/v112208/"
"173";"/catalog/259/268/i36953/"
"174";"/catalog/259/268/i36971/v128890/"
"175";"/catalog/259/268/i24006/"
"176";"/catalog/259/268/i36243/"
"177";"/catalog/259/268/i11438/"
"178";"/catalog/259/268/i11065/v106026/"
"179";"/catalog/259/268/i11437/"
"180";"/catalog/259/268/i2207/v9972/"
"181";"/catalog/259/268/i2212/v10050/"
"182";"/catalog/259/270/i27622/"
"183";"/catalog/259/270/i27626/"
"184";"/catalog/259/270/i27627/"
"185";"/catalog/259/270/i27628/"
"186";"/catalog/259/270/i27629/"
"187";"/catalog/259/270/i27630/"
"188";"/catalog/259/270/i27632/"
"189";"/catalog/259/270/i27633/"
"190";"/catalog/259/270/i27634/"
"191";"/catalog/259/270/i27635/"
"192";"/catalog/259/270/i27637/"
"193";"/catalog/259/270/i27639/"
"194";"/catalog/259/270/i27641/"
"195";"/catalog/259/270/i27642/"
"196";"/catalog/259/270/i27643/"
"197";"/catalog/259/270/i27644/"
"198";"/catalog/259/270/i27646/"
"199";"/catalog/259/270/i27647/"
"200";"/catalog/259/270/i27648/"
"201";"/catalog/259/270/i27649/"
"202";"/catalog/259/270/i27652/"
"203";"/catalog/259/270/i27653/"
"204";"/catalog/259/270/i27655/"
"205";"/catalog/259/270/i27657/"
"206";"/catalog/259/270/i27658/"
"207";"/catalog/259/270/i27659/"
"208";"/catalog/259/270/i27661/"
"209";"/catalog/259/270/i27665/"
"210";"/catalog/259/270/i43675/"
"211";"/catalog/259/270/i43676/"
"212";"/catalog/259/276/i15331/"
"213";"/catalog/259/276/i15332/"
"214";"/catalog/259/276/i15319/"
"215";"/catalog/259/276/i15320/"
"216";"/catalog/259/276/i15321/v57804/"
"217";"/catalog/259/276/i15322/v57805/"
"218";"/catalog/259/276/i15323/"
"219";"/catalog/259/276/i15313/"
"220";"/catalog/259/276/i15314/"
"221";"/catalog/259/276/i15315/v57784/"
"222";"/catalog/259/276/i15316/v57787/"
"223";"/catalog/259/276/i15317/v57788/"
"224";"/catalog/259/276/i15318/"
"225";"/catalog/259/276/i15324/"
"226";"/catalog/259/276/i15335/"
"227";"/catalog/259/276/i15336/"
"228";"/catalog/259/276/i15337/"
"229";"/catalog/259/276/i15334/"
"230";"/catalog/259/276/i15333/"
"231";"/catalog/259/276/i15329/"
"232";"/catalog/259/276/i15330/"
"233";"/catalog/259/276/i15325/"
"234";"/catalog/259/276/i15326/"
"235";"/catalog/259/276/i15327/"
"236";"/catalog/259/276/i15328/"
"237";"/catalog/259/276/i15338/v57890/"
"238";"/catalog/259/276/i15339/v57891/"
"239";"/catalog/259/276/i15398/"
"240";"/catalog/259/276/i11069/"
"241";"/catalog/259/276/i2493/"
"242";"/catalog/259/277/i2394/"
"243";"/catalog/259/277/i30666/"
"244";"/catalog/259/277/i34353/"
"245";"/catalog/259/277/i2275/v10300/"
"246";"/catalog/259/273/i2910/"
"247";"/catalog/259/273/i2911/"
"248";"/catalog/259/273/i33059/"
"249";"/catalog/259/273/i35142/"
"250";"/catalog/259/273/i35145/"
"251";"/catalog/259/273/i37369/"
"252";"/catalog/259/273/i2909/"
"253";"/catalog/259/273/i12869/"
"254";"/catalog/259/273/i18165/"
"255";"/catalog/259/273/i35143/"
"256";"/catalog/259/273/i35144/"
"257";"/catalog/259/273/i35148/"
"258";"/catalog/259/1076/i2914/v12755/"
"259";"/catalog/259/1076/i2927/"
"260";"/catalog/259/1076/i2892/"
"261";"/catalog/259/1076/i2893/"
"262";"/catalog/259/1076/i2896/"
"263";"/catalog/259/1076/i16023/"
"264";"/catalog/259/1076/i2900/"
"265";"/catalog/259/1076/i2903/"
"266";"/catalog/259/1076/i2891/v12653/"
"267";"/catalog/259/1076/i43547/v145887/"
"268";"/catalog/259/1076/i32293/"
"269";"/catalog/259/1076/i43546/"
"270";"/catalog/278/279/i357/"
"271";"/catalog/278/279/i369/"
"272";"/catalog/278/279/i13660/"
"273";"/catalog/278/279/i372/"
"274";"/catalog/278/279/i50183/"
"275";"/catalog/278/279/i20803/"
"276";"/catalog/278/279/i269/"
"277";"/catalog/278/279/i282/"
"278";"/catalog/278/279/i46467/v155707/"
"279";"/catalog/278/279/i21093/v160744/"
"280";"/catalog/278/279/i281/"
"281";"/catalog/278/279/i284/"
"282";"/catalog/278/279/i11529/"
"283";"/catalog/278/279/i13439/"
"284";"/catalog/278/279/i13546/v908/"
"285";"/catalog/278/279/i24551/v938/"
"286";"/catalog/278/279/i50166/"
"287";"/catalog/278/279/i32914/"
"288";"/catalog/278/279/i337/"
"289";"/catalog/278/279/i346/"
"290";"/catalog/278/279/i37462/"
"291";"/catalog/278/279/i37611/"
"292";"/catalog/278/279/i46461/v155700/"
"293";"/catalog/278/279/i348/"
"294";"/catalog/278/279/i13767/"
"295";"/catalog/278/279/i37464/"
"296";"/catalog/278/279/i50175/"
"297";"/catalog/278/279/i50176/"
"298";"/catalog/278/279/i32913/"
"299";"/catalog/278/279/i37467/"
"300";"/catalog/278/280/i445/"
"301";"/catalog/278/280/i374/"
"302";"/catalog/278/280/i11163/"
"303";"/catalog/278/280/i38042/"
"304";"/catalog/278/280/i276/"
"305";"/catalog/278/280/i286/"
"306";"/catalog/278/280/i44621/"
"307";"/catalog/278/280/i430/"
"308";"/catalog/278/280/i35864/"
"309";"/catalog/278/280/i350/"
"310";"/catalog/278/280/i37363/"
"311";"/catalog/278/280/i44619/"
"312";"/catalog/278/280/i45364/"
"313";"/catalog/278/280/i28019/"
"314";"/catalog/278/280/i30055/"
"315";"/catalog/278/280/i315/v1024/"
"316";"/catalog/278/280/i414/v1494/"
"317";"/catalog/278/280/i316/"
"318";"/catalog/278/280/i35872/"
"319";"/catalog/278/280/i35873/"
"320";"/catalog/278/280/i264/"
"321";"/catalog/278/280/i390/"
"322";"/catalog/278/280/i44625/"
"323";"/catalog/278/280/i35890/"
"324";"/catalog/278/280/i202/v706/"
"325";"/catalog/278/280/i35870/"
"326";"/catalog/278/280/i330/v1049/"
"327";"/catalog/278/280/i421/"
"328";"/catalog/278/280/i44627/v148927/"
"329";"/catalog/278/280/i217/v741/"
"330";"/catalog/278/284/i41740/"
"331";"/catalog/278/284/i36036/"
"332";"/catalog/278/284/i35397/"
"333";"/catalog/278/284/i35394/"
"334";"/catalog/278/284/i41803/"
"335";"/catalog/278/284/i2007/"
"336";"/catalog/278/284/i41805/"
"337";"/catalog/278/284/i41807/"
"338";"/catalog/278/284/i41808/"
"339";"/catalog/278/284/i2048/"
"340";"/catalog/278/284/i2049/"
"341";"/catalog/278/284/i41804/"
"342";"/catalog/278/284/i41812/v141023/"
"343";"/catalog/278/284/i1994/v8914/"
"344";"/catalog/278/284/i32882/v8918/"
"345";"/catalog/278/284/i32883/"
"346";"/catalog/278/284/i32884/v8913/"
"347";"/catalog/278/284/i41810/v141018/"
"348";"/catalog/278/284/i41811/"
"349";"/catalog/278/284/i41814/"
"350";"/catalog/278/284/i1974/"
"351";"/catalog/278/284/i1983/"
"352";"/catalog/278/284/i1995/"
"353";"/catalog/278/284/i41161/v9266/"
"354";"/catalog/278/284/i2019/"
"355";"/catalog/278/284/i30053/"
"356";"/catalog/278/284/i2034/"
"357";"/catalog/278/285/i2057/"
"358";"/catalog/278/285/i36745/"
"359";"/catalog/278/285/i1985/"
"360";"/catalog/278/285/i2002/v9045/"
"361";"/catalog/278/285/i2050/v9168/"
"362";"/catalog/278/285/i23644/"
"363";"/catalog/278/285/i28634/"
"364";"/catalog/278/285/i41988/"
"365";"/catalog/278/285/i42279/"
"366";"/catalog/278/285/i42350/"
"367";"/catalog/278/285/i42368/"
"368";"/catalog/278/285/i42369/"
"369";"/catalog/278/285/i42370/"
"370";"/catalog/278/285/i42374/"
"371";"/catalog/278/285/i42375/"
"372";"/catalog/278/285/i42378/"
"373";"/catalog/278/285/i42379/"
"374";"/catalog/278/285/i42382/"
"375";"/catalog/278/285/i42385/"
"376";"/catalog/278/285/i42387/"
"377";"/catalog/278/285/i42388/"
"378";"/catalog/278/285/i42757/v143239/"
"379";"/catalog/278/285/i42265/v143235/"
"380";"/catalog/278/286/i2052/"
"381";"/catalog/278/286/i29582/"
"382";"/catalog/278/286/i34420/"
"383";"/catalog/278/286/i1996/"
"384";"/catalog/278/286/i1997/"
"385";"/catalog/278/286/i1998/"
"386";"/catalog/278/286/i29882/"
"387";"/catalog/278/286/i29883/"
"388";"/catalog/278/286/i29583/"
"389";"/catalog/278/286/i29584/"
"390";"/catalog/278/286/i2036/"
"391";"/catalog/278/286/i29891/"
"392";"/catalog/278/286/i29585/"
"393";"/catalog/278/286/i29586/"
"394";"/catalog/278/286/i29836/"
"395";"/catalog/278/286/i35582/"
"396";"/catalog/278/286/i40073/v135433/"
"397";"/catalog/278/286/i40074/v135434/"
"398";"/catalog/278/286/i2020/"
"399";"/catalog/278/286/i29782/"
"400";"/catalog/278/286/i1991/"
"401";"/catalog/278/286/i29767/"
"402";"/catalog/278/286/i29774/"
"403";"/catalog/278/286/i2031/"
"404";"/catalog/278/286/i2032/"
"405";"/catalog/278/286/i11596/"
"406";"/catalog/278/286/i29696/"
"407";"/catalog/278/286/i29704/"
"408";"/catalog/278/286/i1972/"
"409";"/catalog/278/286/i29687/"
"410";"/catalog/278/287/i2242/"
"411";"/catalog/278/287/i10863/"
"412";"/catalog/278/281/i46830/v156791/"
"413";"/catalog/278/281/i48395/v161391/"
"414";"/catalog/278/281/i50922/v168975/"
"415";"/catalog/278/281/i487/v1747/"
"416";"/catalog/278/281/i490/v1754/"
"417";"/catalog/278/281/i40915/v1746/"
"418";"/catalog/278/281/i40916/v1752/"
"419";"/catalog/278/281/i40918/v1756/"
"420";"/catalog/278/281/i40920/v1749/"
"421";"/catalog/278/281/i40926/v1745/"
"422";"/catalog/278/281/i41150/v1755/"
"423";"/catalog/278/281/i40917/v1758/"
"424";"/catalog/278/281/i41698/v140765/"
"425";"/catalog/278/281/i50800/v168669/"
"426";"/catalog/278/281/i50802/v168681/"
"427";"/catalog/278/281/i41508/v140358/"
"428";"/catalog/278/281/i50223/v166790/"
"429";"/catalog/278/281/i46829/v156783/"
"430";"/catalog/278/281/i46831/v156793/"
"431";"/catalog/278/281/i46832/v156795/"
"432";"/catalog/278/281/i19964/v69016/"
"433";"/catalog/278/281/i40921/v1744/"
"434";"/catalog/278/281/i40927/v1742/"
"435";"/catalog/278/281/i41151/v1753/"
"436";"/catalog/278/281/i41152/v1757/"
"437";"/catalog/278/281/i50603/v168012/"
"438";"/catalog/278/281/i50803/v168682/"
"439";"/catalog/278/281/i51234/v169653/"
"440";"/catalog/278/281/i41507/v140357/"
"441";"/catalog/278/281/i41699/v140766/"
"442";"/catalog/278/288/i17951/v1716/"
"443";"/catalog/278/288/i17952/v1715/"
"444";"/catalog/278/288/i17953/v1717/"
"445";"/catalog/278/288/i17954/v1714/"
"446";"/catalog/278/288/i46906/v1722/"
"447";"/catalog/278/288/i477/v1706/"
"448";"/catalog/278/288/i12924/v1718/"
"449";"/catalog/278/288/i12925/v1738/"
"450";"/catalog/278/288/i12926/v1739/"
"451";"/catalog/278/288/i16759/v59660/"
"452";"/catalog/278/288/i16760/v59663/"
"453";"/catalog/278/288/i17796/v1726/"
"454";"/catalog/278/288/i40484/v1720/"
"455";"/catalog/278/288/i40485/v1721/"
"456";"/catalog/278/288/i40486/v1727/"
"457";"/catalog/278/288/i40487/v1719/"
"458";"/catalog/278/288/i22037/v71870/"
"459";"/catalog/278/288/i519/v1825/"
"460";"/catalog/278/288/i508/v71923/"
"461";"/catalog/278/288/i40477/v136573/"
"462";"/catalog/278/288/i46689/v156405/"
"463";"/catalog/278/288/i46666/v156378/"
"464";"/catalog/278/288/i46670/v156381/"
"465";"/catalog/278/288/i46673/v156384/"
"466";"/catalog/278/288/i46679/v156393/"
"467";"/catalog/278/288/i46681/v156395/"
"468";"/catalog/278/288/i46683/v156397/"
"469";"/catalog/278/288/i46660/"
"470";"/catalog/278/288/i46663/"
"471";"/catalog/278/288/i46686/v156400/"
"472";"/catalog/278/282/i44157/v148235/"
"473";"/catalog/278/282/i502/v1793/"
"474";"/catalog/278/282/i497/"
"475";"/catalog/278/282/i17886/"
"476";"/catalog/278/282/i28016/"
"477";"/catalog/278/282/i28017/"
"478";"/catalog/278/282/i28014/"
"479";"/catalog/278/282/i17887/"
"480";"/catalog/278/282/i37877/"
"481";"/catalog/278/282/i37861/"
"482";"/catalog/278/282/i499/v1783/"
"483";"/catalog/278/282/i37852/v1790/"
"484";"/catalog/278/282/i37841/v1786/"
"485";"/catalog/278/282/i14669/v55575/"
"486";"/catalog/278/282/i14670/v55576/"
"487";"/catalog/278/282/i19244/v67282/"
"488";"/catalog/278/282/i39737/v131945/"
"489";"/catalog/278/282/i505/v1810/"
"490";"/catalog/278/282/i45236/v152886/"
"491";"/catalog/278/282/i498/"
"492";"/catalog/278/282/i11365/v49081/"
"493";"/catalog/278/282/i17888/v66423/"
"494";"/catalog/278/282/i17890/v66425/"
"495";"/catalog/278/282/i37843/v1788/"
"496";"/catalog/278/282/i37842/v1787/"
"497";"/catalog/278/282/i37845/v1789/"
"498";"/catalog/278/282/i37840/v1785/"
"499";"/catalog/278/282/i500/v1791/"
"500";"/catalog/278/282/i17893/"
"501";"/catalog/278/282/i496/"
"502";"/catalog/278/289/i13763/"
"503";"/catalog/278/289/i11067/v47913/"
"504";"/catalog/278/289/i10755/v44506/"
"505";"/catalog/278/289/i11154/"
"506";"/catalog/278/289/i208/"
"507";"/catalog/278/289/i11164/"
"508";"/catalog/278/289/i512/v1818/"
"509";"/catalog/278/289/i35413/v66441/"
"510";"/catalog/278/289/i35415/v1817/"
"511";"/catalog/278/289/i47030/v157316/"
"512";"/catalog/278/289/i47067/v157367/"
"513";"/catalog/278/289/i47064/v157364/"
"514";"/catalog/278/289/i48683/v161882/"
"515";"/catalog/278/289/i14196/"
"516";"/catalog/278/289/i510/v1815/"
"517";"/catalog/278/289/i205/v53788/"
"518";"/catalog/278/289/i35400/"
"519";"/catalog/278/289/i35401/"
"520";"/catalog/278/289/i35402/v712/"
"521";"/catalog/278/289/i35403/v720/"
"522";"/catalog/278/289/i43232/v144651/"
"523";"/catalog/278/289/i35399/"
"524";"/catalog/278/289/i43379/v145049/"
"525";"/catalog/278/290/i43879/v147371/"
"526";"/catalog/278/290/i9367/"
"527";"/catalog/278/290/i43880/"
"528";"/catalog/278/290/i14239/v54777/"
"529";"/catalog/278/283/i42960/"
"530";"/catalog/278/283/i42961/"
"531";"/catalog/278/283/i42963/"
"532";"/catalog/278/283/i42965/"
"533";"/catalog/278/283/i42966/"
"534";"/catalog/278/283/i42967/v143832/"
"535";"/catalog/278/283/i42969/"
"536";"/catalog/278/283/i42984/"
"537";"/catalog/278/283/i42990/"
"538";"/catalog/278/292/i10919/"
"539";"/catalog/278/292/i209/"
"540";"/catalog/278/292/i46458/"
"541";"/catalog/278/292/i35895/"
"542";"/catalog/278/292/i17158/"
"543";"/catalog/278/292/i28293/v102177/"
"544";"/catalog/278/292/i44504/"
"545";"/catalog/278/292/i29773/v105835/"
"546";"/catalog/278/292/i9300/"
"547";"/catalog/278/292/i9301/v38404/"
"548";"/catalog/278/292/i9302/"
"549";"/catalog/278/292/i9303/v38407/"
"550";"/catalog/278/292/i43168/"
"551";"/catalog/278/292/i43170/v38402/"
"552";"/catalog/278/292/i43171/v143338/"
"553";"/catalog/278/292/i43528/"
"554";"/catalog/278/292/i46471/"
"555";"/catalog/278/292/i9339/v38498/"
"556";"/catalog/278/292/i28890/"
"557";"/catalog/278/292/i45806/v38497/"
"558";"/catalog/278/292/i13552/"
"559";"/catalog/278/292/i9304/"
"560";"/catalog/278/292/i240/"
"561";"/catalog/278/292/i50282/v167077/"
"562";"/catalog/278/292/i242/v785/"
"563";"/catalog/293/294/i30535/"
"564";"/catalog/293/294/i30536/"
"565";"/catalog/293/294/i30538/"
"566";"/catalog/293/294/i30547/"
"567";"/catalog/293/294/i30549/"
"568";"/catalog/293/294/i30551/"
"569";"/catalog/293/294/i30552/"
"570";"/catalog/293/294/i30610/"
"571";"/catalog/293/294/i30618/"
"572";"/catalog/293/294/i34158/"
"573";"/catalog/293/294/i34162/"
"574";"/catalog/293/294/i34168/"
"575";"/catalog/293/294/i36540/"
"576";"/catalog/293/294/i36542/"
"577";"/catalog/293/294/i43153/"
"578";"/catalog/293/294/i43154/"
"579";"/catalog/293/294/i43387/"
"580";"/catalog/293/294/i47000/v157262/"
"581";"/catalog/293/294/i47002/v157267/"
"582";"/catalog/293/294/i30554/"
"583";"/catalog/293/294/i30555/"
"584";"/catalog/293/294/i30556/"
"585";"/catalog/293/294/i30557/"
"586";"/catalog/293/294/i30614/"
"587";"/catalog/293/294/i35568/"
"588";"/catalog/293/294/i35569/"
"589";"/catalog/293/294/i43395/"
"590";"/catalog/293/294/i43399/"
"591";"/catalog/293/294/i886/"
"592";"/catalog/293/294/i889/v3711/"
"593";"/catalog/293/308/i633/"
"594";"/catalog/293/308/i634/v112512/"
"595";"/catalog/293/308/i636/"
"596";"/catalog/293/308/i642/"
"597";"/catalog/293/308/i644/"
"598";"/catalog/293/308/i11304/"
"599";"/catalog/293/308/i11306/"
"600";"/catalog/293/308/i28198/"
"601";"/catalog/293/308/i39742/"
"602";"/catalog/293/308/i39745/"
"603";"/catalog/293/308/i41743/"
"604";"/catalog/293/308/i41747/"
"605";"/catalog/293/308/i50297/v2394/"
"606";"/catalog/293/308/i50300/v2385/"
"607";"/catalog/293/308/i48925/"
"608";"/catalog/293/308/i617/v2153/"
"609";"/catalog/293/308/i15228/v137617/"
"610";"/catalog/293/1073/i625/"
"611";"/catalog/293/1073/i627/v2199/"
"612";"/catalog/293/1073/i646/"
"613";"/catalog/293/1073/i648/"
"614";"/catalog/293/1073/i11386/"
"615";"/catalog/293/1073/i35280/"
"616";"/catalog/293/1073/i35282/"
"617";"/catalog/293/309/i677/"
"618";"/catalog/293/309/i678/"
"619";"/catalog/293/309/i24902/"
"620";"/catalog/293/309/i26281/"
"621";"/catalog/293/309/i32935/"
"622";"/catalog/293/309/i32937/"
"623";"/catalog/293/309/i32939/"
"624";"/catalog/293/309/i32941/"
"625";"/catalog/293/310/i736/"
"626";"/catalog/293/310/i738/"
"627";"/catalog/293/310/i745/"
"628";"/catalog/293/310/i747/"
"629";"/catalog/293/310/i39866/"
"630";"/catalog/293/310/i39869/"
"631";"/catalog/293/310/i39871/"
"632";"/catalog/293/310/i44739/"
"633";"/catalog/293/310/i44743/"
"634";"/catalog/293/310/i744/v3077/"
"635";"/catalog/293/311/i588/"
"636";"/catalog/293/311/i20065/"
"637";"/catalog/293/311/i27740/v1957/"
"638";"/catalog/293/311/i38808/"
"639";"/catalog/293/311/i43706/"
"640";"/catalog/293/311/i43709/"
"641";"/catalog/293/311/i36414/v130523/"
"642";"/catalog/293/312/i702/"
"643";"/catalog/293/312/i703/"
"644";"/catalog/293/312/i707/"
"645";"/catalog/293/312/i708/"
"646";"/catalog/293/312/i11400/"
"647";"/catalog/293/312/i11402/"
"648";"/catalog/293/312/i14118/"
"649";"/catalog/293/312/i14119/"
"650";"/catalog/293/312/i43045/"
"651";"/catalog/293/312/i569/"
"652";"/catalog/293/312/i570/"
"653";"/catalog/293/312/i14116/"
"654";"/catalog/293/312/i14117/"
"655";"/catalog/293/312/i43041/"
"656";"/catalog/293/312/i43042/"
"657";"/catalog/293/312/i691/"
"658";"/catalog/293/312/i693/"
"659";"/catalog/293/312/i695/"
"660";"/catalog/293/312/i697/"
"661";"/catalog/293/312/i14121/"
"662";"/catalog/293/312/i14122/"
"663";"/catalog/293/312/i42991/"
"664";"/catalog/293/312/i42992/"
"665";"/catalog/293/312/i650/"
"666";"/catalog/293/312/i651/"
"667";"/catalog/293/312/i652/"
"668";"/catalog/293/312/i709/"
"669";"/catalog/293/312/i712/"
"670";"/catalog/293/312/i11395/v2726/"
"671";"/catalog/293/312/i43044/"
"672";"/catalog/293/301/i594/"
"673";"/catalog/293/301/i596/"
"674";"/catalog/293/301/i597/"
"675";"/catalog/293/301/i28087/v101685/"
"676";"/catalog/293/301/i46221/v155296/"
"677";"/catalog/293/301/i46222/v155297/"
"678";"/catalog/293/301/i46911/"
"679";"/catalog/293/301/i46916/"
"680";"/catalog/293/301/i46922/"
"681";"/catalog/293/306/i43835/"
"682";"/catalog/293/306/i48658/v161850/"
"683";"/catalog/293/306/i2852/"
"684";"/catalog/293/306/i2853/"
"685";"/catalog/293/306/i2854/"
"686";"/catalog/293/306/i2855/"
"687";"/catalog/293/306/i2859/"
"688";"/catalog/293/306/i46584/"
"689";"/catalog/293/306/i50686/"
"690";"/catalog/293/306/i22354/"
"691";"/catalog/293/306/i22356/"
"692";"/catalog/293/306/i22362/"
"693";"/catalog/293/306/i36935/"
"694";"/catalog/293/306/i36936/"
"695";"/catalog/293/306/i2864/"
"696";"/catalog/293/306/i34244/"
"697";"/catalog/293/306/i34245/"
"698";"/catalog/293/306/i35489/"
"699";"/catalog/293/306/i2870/v12558/"
"700";"/catalog/293/306/i2871/"
"701";"/catalog/293/306/i11153/"
"702";"/catalog/293/306/i2869/v12553/"
"703";"/catalog/293/306/i31074/"
"704";"/catalog/293/306/i13509/"
"705";"/catalog/293/306/i14210/"
"706";"/catalog/293/306/i31570/"
"707";"/catalog/293/306/i43480/"
"708";"/catalog/293/306/i2865/"
"709";"/catalog/293/306/i34709/v37382/"
"710";"/catalog/293/306/i42636/v142945/"
"711";"/catalog/293/313/i2766/"
"712";"/catalog/293/313/i2767/"
"713";"/catalog/293/313/i2768/v11908/"
"714";"/catalog/293/313/i2769/"
"715";"/catalog/293/305/i2802/"
"716";"/catalog/293/305/i2809/"
"717";"/catalog/293/305/i2813/"
"718";"/catalog/293/305/i2814/"
"719";"/catalog/293/305/i2815/"
"720";"/catalog/293/305/i2823/"
"721";"/catalog/293/305/i12063/"
"722";"/catalog/293/305/i12885/"
"723";"/catalog/293/305/i13693/"
"724";"/catalog/293/305/i14941/v56625/"
"725";"/catalog/293/305/i42115/"
"726";"/catalog/293/305/i43312/"
"727";"/catalog/293/305/i49564/v163963/"
"728";"/catalog/293/305/i50185/"
"729";"/catalog/293/305/i899/"
"730";"/catalog/293/305/i2806/"
"731";"/catalog/293/305/i2807/"
"732";"/catalog/293/305/i35584/"
"733";"/catalog/293/305/i37147/"
"734";"/catalog/293/305/i37972/v12124/"
"735";"/catalog/293/305/i18136/"
"736";"/catalog/293/305/i20665/"
"737";"/catalog/293/305/i2805/"
"738";"/catalog/293/305/i2798/v12088/"
"739";"/catalog/293/305/i40526/"
"740";"/catalog/293/305/i2825/v12272/"
"741";"/catalog/293/305/i2827/v12295/"
"742";"/catalog/293/305/i14235/"
"743";"/catalog/293/305/i34688/v123327/"
"744";"/catalog/293/305/i34690/v123329/"
"745";"/catalog/293/314/i34213/"
"746";"/catalog/293/314/i36813/v131007/"
"747";"/catalog/293/314/i2836/v41509/"
"748";"/catalog/293/315/i2704/"
"749";"/catalog/293/315/i2722/"
"750";"/catalog/293/315/i2723/v11759/"
"751";"/catalog/293/315/i14987/"
"752";"/catalog/293/315/i14991/"
"753";"/catalog/293/315/i24595/"
"754";"/catalog/293/315/i24596/"
"755";"/catalog/293/315/i24604/"
"756";"/catalog/293/315/i37038/"
"757";"/catalog/293/315/i2154/v9736/"
"758";"/catalog/293/315/i10687/"
"759";"/catalog/293/315/i30068/v158277/"
"760";"/catalog/293/315/i33830/v158272/"
"761";"/catalog/293/315/i40094/v147488/"
"762";"/catalog/293/315/i50094/v166457/"
"763";"/catalog/293/316/i2687/"
"764";"/catalog/293/316/i2689/"
"765";"/catalog/293/316/i2699/v11630/"
"766";"/catalog/293/316/i2700/"
"767";"/catalog/293/316/i2702/v11633/"
"768";"/catalog/293/316/i2708/"
"769";"/catalog/293/316/i2711/"
"770";"/catalog/293/316/i2739/"
"771";"/catalog/293/316/i2742/"
"772";"/catalog/293/316/i2756/v11854/"
"773";"/catalog/293/316/i2844/"
"774";"/catalog/293/316/i2848/"
"775";"/catalog/293/316/i37137/v51777/"
"776";"/catalog/293/316/i2692/v11591/"
"777";"/catalog/293/316/i28330/v102302/"
"778";"/catalog/293/316/i32515/"
"779";"/catalog/317/318/i50348/"
"780";"/catalog/317/318/i15248/v57508/"
"781";"/catalog/317/318/i15249/"
"782";"/catalog/317/318/i15251/"
"783";"/catalog/317/318/i23235/"
"784";"/catalog/317/318/i23236/v79025/"
"785";"/catalog/317/318/i46020/"
"786";"/catalog/317/318/i46025/"
"787";"/catalog/317/318/i15242/"
"788";"/catalog/317/318/i15255/v57535/"
"789";"/catalog/317/318/i46035/"
"790";"/catalog/317/318/i15240/v57496/"
"791";"/catalog/317/318/i15244/v57504/"
"792";"/catalog/317/318/i15246/v57506/"
"793";"/catalog/317/318/i15253/"
"794";"/catalog/317/318/i15254/"
"795";"/catalog/317/318/i46027/"
"796";"/catalog/317/318/i46032/"
"797";"/catalog/317/318/i15238/"
"798";"/catalog/317/318/i15239/"
"799";"/catalog/317/318/i15252/"
"800";"/catalog/317/318/i46038/"
"801";"/catalog/317/318/i46040/"
"802";"/catalog/317/318/i15241/"
"803";"/catalog/317/318/i15237/"
"804";"/catalog/317/318/i15231/"
"805";"/catalog/317/318/i3044/"
"806";"/catalog/317/318/i3050/"
"807";"/catalog/317/318/i13021/"
"808";"/catalog/317/318/i28171/"
"809";"/catalog/317/324/i3315/"
"810";"/catalog/317/324/i3320/"
"811";"/catalog/317/324/i3322/"
"812";"/catalog/317/324/i3325/"
"813";"/catalog/317/324/i3327/"
"814";"/catalog/317/324/i3331/"
"815";"/catalog/317/324/i3332/"
"816";"/catalog/317/324/i11504/"
"817";"/catalog/317/324/i11505/"
"818";"/catalog/317/324/i3352/"
"819";"/catalog/317/324/i3355/"
"820";"/catalog/317/324/i3401/"
"821";"/catalog/317/324/i3403/"
"822";"/catalog/317/324/i3408/"
"823";"/catalog/317/324/i3413/"
"824";"/catalog/317/324/i3416/"
"825";"/catalog/317/324/i3420/"
"826";"/catalog/317/324/i7984/"
"827";"/catalog/317/324/i11219/"
"828";"/catalog/317/324/i11220/"
"829";"/catalog/317/324/i11221/"
"830";"/catalog/317/324/i12846/"
"831";"/catalog/317/324/i12852/"
"832";"/catalog/317/324/i12856/"
"833";"/catalog/317/324/i12857/"
"834";"/catalog/317/324/i12860/"
"835";"/catalog/317/324/i12863/"
"836";"/catalog/317/324/i18096/v67040/"
"837";"/catalog/317/324/i18098/"
"838";"/catalog/317/324/i30639/"
"839";"/catalog/317/325/i11145/"
"840";"/catalog/317/325/i37823/"
"841";"/catalog/317/325/i47643/"
"842";"/catalog/317/325/i3426/"
"843";"/catalog/317/325/i22967/v76687/"
"844";"/catalog/317/325/i19142/"
"845";"/catalog/317/325/i33332/v120139/"
"846";"/catalog/317/325/i47636/"
"847";"/catalog/317/326/i15563/"
"848";"/catalog/317/326/i3052/"
"849";"/catalog/317/326/i10678/"
"850";"/catalog/317/326/i12951/"
"851";"/catalog/317/326/i12960/"
"852";"/catalog/317/326/i12963/"
"853";"/catalog/317/326/i50352/v167364/"
"854";"/catalog/317/326/i48693/v161900/"
"855";"/catalog/317/326/i15562/v58524/"
"856";"/catalog/317/326/i12945/"
"857";"/catalog/317/326/i13014/"
"858";"/catalog/317/326/i16641/v152390/"
"859";"/catalog/317/326/i7979/"
"860";"/catalog/317/326/i2965/"
"861";"/catalog/317/326/i30681/"
"862";"/catalog/317/326/i48690/v161897/"
"863";"/catalog/317/335/i15179/v57360/"
"864";"/catalog/317/335/i15226/v57471/"
"865";"/catalog/317/335/i19802/v68868/"
"866";"/catalog/317/335/i8283/v35007/"
"867";"/catalog/317/335/i10350/v41900/"
"868";"/catalog/317/335/i14178/v51890/"
"869";"/catalog/317/335/i28896/v104333/"
"870";"/catalog/317/335/i35234/v124939/"
"871";"/catalog/317/335/i44256/v148397/"
"872";"/catalog/317/335/i44803/v149468/"
"873";"/catalog/317/335/i47528/v158329/"
"874";"/catalog/317/335/i8284/v35008/"
"875";"/catalog/317/335/i8286/v35014/"
"876";"/catalog/317/335/i8289/"
"877";"/catalog/317/335/i32298/v117177/"
"878";"/catalog/317/335/i32299/v117178/"
"879";"/catalog/317/335/i32300/v117179/"
"880";"/catalog/317/335/i32691/v118488/"
"881";"/catalog/317/335/i8282/v35006/"
"882";"/catalog/317/335/i24495/v83656/"
"883";"/catalog/317/335/i24496/v83657/"
"884";"/catalog/317/335/i24497/v83658/"
"885";"/catalog/317/335/i28086/v101691/"
"886";"/catalog/317/335/i28208/v102076/"
"887";"/catalog/317/335/i28211/v102080/"
"888";"/catalog/317/335/i36134/"
"889";"/catalog/317/335/i46719/"
"890";"/catalog/317/335/i31587/v113184/"
"891";"/catalog/317/335/i31589/v113186/"
"892";"/catalog/317/335/i12923/v51775/"
"893";"/catalog/317/323/i2959/"
"894";"/catalog/317/323/i2962/"
"895";"/catalog/317/323/i2954/"
"896";"/catalog/317/323/i31644/v113316/"
"897";"/catalog/317/323/i31647/v113319/"
"898";"/catalog/317/323/i31648/"
"899";"/catalog/317/329/i15230/"
"900";"/catalog/317/329/i2933/"
"901";"/catalog/317/329/i2948/"
"902";"/catalog/317/329/i2950/"
"903";"/catalog/317/329/i43309/"
"904";"/catalog/317/329/i31593/v113193/"
"905";"/catalog/317/329/i30717/v109700/"
"906";"/catalog/317/319/i3562/"
"907";"/catalog/317/319/i40338/"
"908";"/catalog/317/319/i18056/"
"909";"/catalog/317/319/i3565/"
"910";"/catalog/317/319/i3569/"
"911";"/catalog/317/319/i32962/"
"912";"/catalog/317/319/i33620/"
"913";"/catalog/317/319/i44615/"
"914";"/catalog/317/319/i44616/"
"915";"/catalog/317/319/i3515/"
"916";"/catalog/317/319/i3516/"
"917";"/catalog/317/319/i3517/"
"918";"/catalog/317/319/i3568/"
"919";"/catalog/317/319/i3572/"
"920";"/catalog/317/319/i3525/"
"921";"/catalog/317/319/i3533/"
"922";"/catalog/317/319/i3536/"
"923";"/catalog/317/319/i23685/"
"924";"/catalog/317/319/i35831/"
"925";"/catalog/317/319/i33618/"
"926";"/catalog/317/319/i39697/"
"927";"/catalog/317/319/i46820/v156751/"
"928";"/catalog/317/319/i50908/v168943/"
"929";"/catalog/317/319/i50914/"
"930";"/catalog/317/319/i43106/v144207/"
"931";"/catalog/317/319/i43351/"
"932";"/catalog/317/319/i3560/v15444/"
"933";"/catalog/317/319/i19737/v68626/"
"934";"/catalog/317/319/i27739/v99607/"
"935";"/catalog/317/319/i32955/"
"936";"/catalog/317/331/i3431/"
"937";"/catalog/317/331/i3429/"
"938";"/catalog/317/331/i19754/"
"939";"/catalog/317/330/i3471/"
"940";"/catalog/317/330/i3474/"
"941";"/catalog/317/330/i36087/"
"942";"/catalog/317/330/i3464/"
"943";"/catalog/317/330/i3472/"
"944";"/catalog/317/330/i3482/"
"945";"/catalog/317/330/i3485/"
"946";"/catalog/317/330/i3488/"
"947";"/catalog/317/330/i3491/"
"948";"/catalog/317/330/i3494/v15148/"
"949";"/catalog/317/330/i50704/"
"950";"/catalog/317/330/i50706/"
"951";"/catalog/317/330/i3478/v15090/"
"952";"/catalog/317/330/i19625/"
"953";"/catalog/317/330/i3462/"
"954";"/catalog/317/330/i3463/"
"955";"/catalog/317/330/i3477/"
"956";"/catalog/317/330/i3484/"
"957";"/catalog/317/330/i11043/"
"958";"/catalog/317/330/i13503/v52509/"
"959";"/catalog/317/330/i20162/v69508/"
"960";"/catalog/317/330/i22744/"
"961";"/catalog/317/330/i22747/"
"962";"/catalog/317/330/i22750/"
"963";"/catalog/317/330/i22754/"
"964";"/catalog/317/330/i22755/"
"965";"/catalog/317/330/i22757/"
"966";"/catalog/317/330/i22758/"
"967";"/catalog/317/330/i22759/"
"968";"/catalog/317/330/i22760/"
"969";"/catalog/317/332/i3558/"
"970";"/catalog/317/332/i14982/"
"971";"/catalog/317/332/i14985/v15180/"
"972";"/catalog/317/332/i48385/"
"973";"/catalog/317/332/i14024/"
"974";"/catalog/317/332/i14025/"
"975";"/catalog/317/332/i14952/"
"976";"/catalog/317/332/i14953/"
"977";"/catalog/317/332/i14954/"
"978";"/catalog/317/332/i14959/"
"979";"/catalog/317/332/i14961/"
"980";"/catalog/317/332/i14969/v15403/"
"981";"/catalog/317/332/i14970/"
"982";"/catalog/317/332/i14980/v15181/"
"983";"/catalog/317/332/i14981/"
"984";"/catalog/317/332/i14983/"
"985";"/catalog/317/332/i14993/"
"986";"/catalog/317/332/i17206/v60440/"
"987";"/catalog/317/332/i26264/"
"988";"/catalog/317/332/i34337/"
"989";"/catalog/317/332/i34924/"
"990";"/catalog/317/332/i35135/v124828/"
"991";"/catalog/317/332/i36418/v127709/"
"992";"/catalog/317/332/i47307/"
"993";"/catalog/317/320/i44073/"
"994";"/catalog/317/320/i44075/"
"995";"/catalog/317/320/i3651/"
"996";"/catalog/317/320/i43333/"
"997";"/catalog/317/320/i3668/"
"998";"/catalog/317/320/i24842/"
"999";"/catalog/317/320/i26187/"
"1000";"/catalog/317/320/i27308/"
